timestamp,user_id,claude_description,image_path
2025-09-16 10:04:18,929307596,"HALAL_LOGO_DETECTED

Бұл сурет ""Халал Даму"" компаниясының сертификатын көрсетеді. Сертификат ішінде келесі негізгі атаулар көрінеді:
- ""КАZ TRADE CORPORATION"" ЖШС
- ""Халал Даму"" ЖШС
- Тіркелген мекен-жайы: Алматы қаласы, Нүрпейісов көшесі, 269",suspicious_images/20250916_100418_929307596.jpg
2025-09-16 10:07:08,929307596,"HALAL_LOGO_DETECTED

Бұл сурет ""Халал Дамы"" жшс компаниясының сертификаты. Сертификаттың мақсаты - Еңдеу - профилактикалық өнімдер өндіру. Сертификат Қазақстан Мұсылмандары Діни Басқармасы тарапынан берілген.",suspicious_images/20250916_100708_929307596.jpg
2025-09-16 10:43:19,929307596,"HALAL_LOGO_DETECTED

Суреттегі негізгі атаулар:
1. ""KAZ TRADE CORPORATION"" ЖШС
2. ""Халал Даму"" ЖШСК",suspicious_images/20250916_104319_929307596.jpg
2025-09-16 11:01:01,929307596,"HALAL_LOGO_DETECTED

Суреттегі өнімнің негізгі атауы ""Пельмени ПО ДОМАШНЕМУ"" (Үй тәрізді пельмен) болып көрінеді. Бұл өнім Xalan Hyp деген брендпен шығарылған.",suspicious_images/20250916_110101_929307596.jpg
2025-09-16 11:02:02,929307596,"HALAL_LOGO_DETECTED

Бұл суретте 'HALAL' белгісі бар. Сондай-ақ, өнімнің негізгі атаулары:
1. Биг-маг
2. Құнжұт",suspicious_images/20250916_110202_929307596.jpg
2025-09-16 15:48:07,929307596,"Берілген суреттен мынадай маңызды ақпараттар табылды:

Бренд: Биг-Маг
Өнім: Күлшара (кұлинар)
Мекеме: Халал Даму

Суреттен алынған негізгі мәліметтер осы. Сонымен қатар, өнімнің 'Халал' сертификаты бар екендігі көрсетілген.",suspicious_images/20250916_154807_929307596.jpg
2025-09-16 16:53:21,929307596,"Бұл өнімнің қаптамасы. Маңызды ақпарат:

Бренд: Халал Даму
Өнім: Пельмені",suspicious_images/20250916_165321_929307596.jpg
2025-09-17 08:24:21,929307596,suspicious_images/20250917_082421_929307596.jpg
2025-09-17 08:31:01,929307596,suspicious_images/20250917_083101_929307596.jpg
